{"name":"Tortas","identifier":"QSNTBVEO0L","description":null,"slotTypeValues":[{"synonyms":null,"sampleValue":{"value":"Pastor"}},{"synonyms":null,"sampleValue":{"value":"Maciza"}},{"synonyms":null,"sampleValue":{"value":"Suadero"}},{"synonyms":null,"sampleValue":{"value":"Longaniza"}},{"synonyms":null,"sampleValue":{"value":"Pechuga"}},{"synonyms":null,"sampleValue":{"value":"Bistec"}},{"synonyms":null,"sampleValue":{"value":"Chuleta"}}],"parentSlotTypeSignature":null,"valueSelectionSetting":{"regexFilter":null,"resolutionStrategy":"TOP_RESOLUTION"}}