{"name":"Alambres","identifier":"JDBOZMTDEE","description":null,"slotTypeValues":[{"synonyms":[{"value":"vegetales"},{"value":"vegetal"}],"sampleValue":{"value":"Vegetariano"}},{"synonyms":null,"sampleValue":{"value":"Pechuga"}},{"synonyms":null,"sampleValue":{"value":"Bistec"}},{"synonyms":null,"sampleValue":{"value":"Chuleta"}},{"synonyms":null,"sampleValue":{"value":"Costilla"}},{"synonyms":null,"sampleValue":{"value":"Arrachera"}}],"parentSlotTypeSignature":null,"valueSelectionSetting":{"regexFilter":null,"resolutionStrategy":"TOP_RESOLUTION"}}