{"name":"Cervezas","identifier":"XAKMMKQAVP","description":null,"slotTypeValues":[{"synonyms":null,"sampleValue":{"value":"Botella"}},{"synonyms":null,"sampleValue":{"value":"Barril"}},{"synonyms":null,"sampleValue":{"value":"Litro"}},{"synonyms":[{"value":"michelada de un litro"},{"value":"litro de michelada"}],"sampleValue":{"value":"Michelada"}},{"synonyms":[{"value":"michelato de un litro"},{"value":"litro de michelato"}],"sampleValue":{"value":"Michelato"}}],"parentSlotTypeSignature":null,"valueSelectionSetting":{"regexFilter":null,"resolutionStrategy":"TOP_RESOLUTION"}}