{"name":"Category","identifier":"S3Q14Q14KR","description":null,"slotTypeValues":[{"synonyms":[{"value":"Alambre"},{"value":"alambres"}],"sampleValue":{"value":"Alambres"}},{"synonyms":[{"value":"costra"},{"value":"costras"}],"sampleValue":{"value":"Costras"}},{"synonyms":[{"value":"bebida"},{"value":"Refresco"},{"value":"Agua"}],"sampleValue":{"value":"Bebidas"}},{"synonyms":[{"value":"volcán"},{"value":"volcanes"}],"sampleValue":{"value":"Volcanes"}},{"synonyms":[{"value":"Cerveza"},{"value":"cervezas"},{"value":"alcohol"}],"sampleValue":{"value":"Cervezas"}},{"synonyms":[{"value":"torta"},{"value":"tortas"}],"sampleValue":{"value":"Tortas"}},{"synonyms":[{"value":"postre"},{"value":"postres"}],"sampleValue":{"value":"Postres"}}],"parentSlotTypeSignature":null,"valueSelectionSetting":{"regexFilter":null,"resolutionStrategy":"TOP_RESOLUTION"}}